id,label,notes
C2-001,,
C2-002,,
C2-003,,
C2-004,,
C2-005,,
C2-006,,
C2-007,,
C2-008,,
C2-009,,
C2-010,,
C2-011,,
C2-012,,
C2-013,,
C2-014,,
C2-015,,
C2-016,,
C2-017,,
C2-018,,
C2-019,,
C2-020,,
C2-021,,
C2-022,,
C2-023,,
C2-024,,
C2-025,,
C2-026,,
C2-027,,
C2-028,,
C2-029,,
C2-030,,
C2-031,,
C2-032,,
C2-033,,
C2-034,,
C2-035,,
C2-036,,
C2-037,,
C2-038,,
C2-039,,
C2-040,,
C2-041,,
C2-042,,
C2-043,,
C2-044,,
C2-045,,
C2-046,,
C2-047,,
C2-048,,
C2-049,,
C2-050,,
C2-051,,
C2-052,,
C2-053,,
C2-054,,
C2-055,,
C2-056,,
C2-057,,
C2-058,,
C2-059,,
C2-060,,
C2-061,,
C2-062,,
C2-063,,
C2-064,,
C2-065,,
C2-066,,
C2-067,,
C2-068,,
C2-069,,
C2-070,,
C2-071,,
C2-072,,
C2-073,,
C2-074,,
C2-075,,
C2-076,,
C2-077,,
C2-078,,
C2-079,,
C2-080,,
C2-081,,
C2-082,,
C2-083,,
C2-084,,
C2-085,,
C2-086,,
C2-087,,
C2-088,,
C2-089,,
C2-090,,
C2-091,,
C2-092,,
C2-093,,
C2-094,,
C2-095,,
C2-096,,
C2-097,,
C2-098,,
C2-099,,
C2-100,,
C2-101,,
C2-102,,
C2-103,,
C2-104,,
C2-105,,
C2-106,,
C2-107,,
C2-108,,
C2-109,,
C2-110,,
C2-111,,
C2-112,,
C2-113,,
C2-114,,
C2-115,,
C2-116,,
C2-117,,
C2-118,,
C2-119,,
C2-120,,
C2-121,,
C2-122,,
C2-123,,
C2-124,,
C2-125,,
C2-126,,
C2-127,,
C2-128,,
C2-129,,
C2-130,,
C2-131,,
C2-132,,
C2-133,,
C2-134,,
C2-135,,
C2-136,,
C2-137,,
C2-138,,
C2-139,,
C2-140,,
C2-141,,
C2-142,,
C2-143,,
C2-144,,
C2-145,,
C2-146,,
C2-147,,
C2-148,,
C2-149,,
C2-150,,
C2-151,,
C2-152,,
C2-153,,
C2-154,,
C2-155,,
C2-156,,
C2-157,,
C2-158,,
C2-159,,
C2-160,,
C2-161,,
C2-162,,
C2-163,,
C2-164,,
C2-165,,
C2-166,,
C2-167,,
C2-168,,
C2-169,,
C2-170,,
C2-171,,
C2-172,,
C2-173,,
C2-174,,
C2-175,,
C2-176,,
C2-177,,
C2-178,,
C2-179,,
C2-180,,
C2-181,,
C2-182,,
C2-183,,
C2-184,,
C2-185,,
C2-186,,
C2-187,,
C2-188,,
C2-189,,
C2-190,,
C2-191,,
C2-192,,
C2-193,,
C2-194,,
C2-195,,
C2-196,,
C2-197,,
C2-198,,
C2-199,,
C2-200,,
C2-201,,
C2-202,,
C2-203,,
C2-204,,
C2-205,,
C2-206,,
C2-207,,
C2-208,,
C2-209,,
C2-210,,
C2-211,,
C2-212,,
C2-213,,
C2-214,,
C2-215,,
C2-216,,
C2-217,,
C2-218,,
C2-219,,
C2-220,,
C2-221,,
C2-222,,
C2-223,,
C2-224,,
C2-225,,
C2-226,,
C2-227,,
C2-228,,
C2-229,,
C2-230,,
C2-231,,
C2-232,,
C2-233,,
C2-234,,
C2-235,,
C2-236,,
C2-237,,
C2-238,,
C2-239,,
C2-240,,
C2-241,,
C2-242,,
C2-243,,
C2-244,,
C2-245,,
C2-246,,
C2-247,,
C2-248,,
C2-249,,
C2-250,,
C2-251,,
C2-252,,
C2-253,,
C2-254,,
C2-255,,
C2-256,,
C2-257,,
C2-258,,
C2-259,,
C2-260,,
